n,id,idx,token,left,right,is_fact
1,3206320497-018,18,M.,behalf of the Government; asked the Assembly to adopt the amendment of,"Paris, postponing the establishment of this system until she expiration of the",yes
2,3200810216-011,20,Railway,"Gas Company just below the Brondesbury Bridge, crossing the London and North-Western","in Willesden-lane, when a horse attached to a heavily-laden cart belonging to",yes
3,3200810644-004,32,6d.,the prisoner put his hand into his pocket and took out 7s.,,yes
4,3206258239-010,37,Lord,"of a most offensive character, and must have caused great pain to",Marcus Beresford.,yes
5,3206268689-001,16,Bow-street,"of 43, York-street, Dublin, described as a clerk, was further charged at","police-court, on Thursday, with having committed wilful and corrupt perjury, in evidence",yes
6,3206268689-001,3,"26,","Patrick Molloy, aged","of 43, York-street, Dublin, described as a clerk, was further charged at",yes
7,3200810213-008,22,Morland.,"Mrs. Maitland, but in the first to Earl Russell he was Mrs.",,yes
8,3200812378-002,1,Baroness,The,"de Rahden, the heroine of the drama, was a circus rider of",yes
9,3200809850-016,5,Friday,Either on the Thursday or,"before the murder she heard the door-bell ring, and a boy go",yes
10,3206305426-022,31,"Fitzmaurice,","to be lieutenant, by purchase, vice Wade; Ensign the Honourable Alexander Temple","from the 18th Foot, to be ensign, vice Fellden.",yes
11,3200813282-001,18,"Earl's-court-road,","forty-three years of age, described as a canvasser, of 10, Park- terrace,","Kensington, was charged with stealing Arthur Bartrum, aged three and a half",yes
12,3202413249-004,32,Authorities,a mass of information has been collected and forwarded to the Home,"since the receipt of the reprieve, which expires on Tuesday next.",no
13,3200801630-021,15,"Police-court,","of the White Hart public-house, Myddelton-street, Clerkenwell, was summoned, at the Clerkenwell",for assaulting Edward Dennis in that house on June 4th.,yes
14,3200810927-004,26,Thomas's,"case, said that on the 13th inst. the prisoner went to Mr.",shop and represented himself to be a nephew of the Rev. E.,yes
15,3206237020-006,16,10,"get her away from the constable, and when he had got from",to 15 yards on the way to the police-station the defendant walked,yes
16,3206212815-002,8,Tuesday,The complainant it appeared came to town on,"morning, and according to her statement was accosted by Smith, at King's-cross,",yes
17,3200810261-001,45,"Co.,","eighty-seven years, a member of the well-known banking firm of Cox and","of Charging-cross, who died on the 23rd inst.",no
18,3206250097-018,1,Richardson,Michael,"and his cousin, Thomas Richardson, aged respectively 27 and 60 years, went",yes
19,3200810211-008,14,"Hunt,","taken to the station were charged, and gave the names of Robert","thirty-three, William Weston, twenty-four, William Burden, twenty-three, William Rasser, thirty-three, and William",yes
20,3200810211-008,20,"Burden,","and gave the names of Robert Hunt, thirty-three, William Weston, twenty-four, William","twenty-three, William Rasser, thirty-three, and William Terry, the landlord of the premises.",yes
21,3200810696-001,19,"Saturday,","commission agent, who refused his address, was charged, at Marylebone Police-court, on","with being concerned, with others, in obtaining 10s, by means of a",yes
22,3200801613-005,24,Saturday,"of whom had his head enveloped in a surgical bandage, that on","night the male prisoner was drunk and disorderly in Ann-street, and the",yes
23,3206187528-016,10,Royal,"Within a day or two afterwards, her Majesty and his","Highness will take their departure, in the royal yacht, from the Isle",yes
24,3206305426-022,40,Fellden.,"Honourable Alexander Temple Fitzmaurice, from the 18th Foot, to be ensign, vice",,yes
25,3205295658-026,3,"11,",Lydia Hollis of,"Sion Terrace, said the deceased on the day in question, was called",yes
26,3206255777-025,22,"Freund,","some years entered the witness-box, and wished to speak on behalf of",but the Lord Mayor refused to listen to him.,yes
27,3200810696-001,1,POWERFULLY-BUILT,A,"man, named Thomas Hurd, a commission agent, who refused his address, was",no
28,3206252774-002,1,"Dempsey,",Mary,"about 25 years of age, surrendered to her bail to answer a",yes
29,3206261140-008,22,London,"the same house, and were both members of the 1st City of",Volunteers.,yes
30,3200810211-008,26,William,"Hunt, thirty-three, William Weston, twenty-four, William Burden, twenty-three, William Rasser, thirty-three, and","Terry, the landlord of the premises.",yes
31,3200809738-001,1,MAN,A,"named Walter Hassell, who described himself as a clerk, has been charged,",no
32,3206324440-009,20,Heard,"and would not be long, but she never returned to the house,",no conversation between deceased and her husband on the Saturday.,no
33,3206238351-022,21,13th,"watches, living at Fleet-row, Eyre-street-hill, Clerkenwell, and on the afternoon of the","November the prosecutor went out for about a quarter of an hour,",yes
34,3200812702-005,1,Finzel,Mr.,"and Mr. Poyntz were a short distance in front, and as they",yes
35,3206319498-011,34,Old,"possessed, and met the prisoner and accompanied him to a brothel in","Pye-street, where she remained with him all night.",yes
36,3200810696-001,27,"10s,","at Marylebone Police-court, on Saturday, with being concerned, with others, in obtaining","by means of a trick from Frank Bliss, a medical student, of",yes
37,3200808407-013,7,Willesden,"The next day Detective Buckingham, engaged at","Station, met the prisoner with another man in the Uxbridge-road, and told",yes
38,3200801632-008,12,John,"AT the Bow-street Police-court, on Monday, John Mahony was charged with assault,","Donally, of New Temple-buildings, said that about seven o’clock on Saturday evening",yes
39,3200810703-014,6,Friday,A daring robbery was committed on,"night at a branch post-office situated in Commercial-road, the busiest thoroughfare in",yes
40,3206329286-005,18,Ragged,"man, what little education he had having been obtained at the Field-lane","school, to which he had belonged, and in regard to religious duties",yes
41,3206195717-027,15,Common,"conclude without observing, that it shewed the quality of the Court of","Pleas, wherein costs of £23 2s. 6d. were allowed to recover £6.",unsure
42,3206228201-003,2,"Young,",Mr. Charles,"solicitor, defended the prisoner, who is a man about thirty years of",yes
43,3206232665-017,12,"Wallace’s,",The impression was that the child had been taken away by the,Mrs. Wallace being a very strange woman.,yes
44,3200810261-001,52,23rd,"banking firm of Cox and Co., of Charging-cross, who died on the",inst.,yes
45,3206258239-010,39,Beresford.,"most offensive character, and must have caused great pain to Lord Marcus",,yes
46,3206252771-017,21,"Clerkenwell,","with the prisoner Walsh, who is now at the House of Detention,","awaiting his trial on a charge of treason-felony, has just come to",yes
47,3200797032-002,13,"K,","a quarter to four o’clock that morning Lilly, a constable, No. 332","was on duty in Caroline-street, when he met the prisoner, and he",unsure
48,3207165983-011,1,Marchant,Inspector,"informed the Bench, that he had that morning received a letter from",yes
49,3206212365-003,6,"Garrett,",The first witness called was William,"of 9, Coventry-street, Three Colt-lane, who said: The deceased is my wife,",yes
50,3206305426-022,28,Honourable,"Oswald Barton Feilden to be lieutenant, by purchase, vice Wade; Ensign the","Alexander Temple Fitzmaurice, from the 18th Foot, to be ensign, vice Fellden.",no
