epoch,step,kind,loss,slot_exact,format_failures,exact_1w,exact_10,exact_25,exact_50,exact_75,lr,seconds,grad_norm
0,0,val,2.50665,0.0,239.0,0.0,0.0,0.0,0.0,0.0,0.0,0.0,
0,0,probe,2.48937,0.0,276.0,0.0,0.0,0.0,0.0,0.0,0.0,0.0,
1,100,train,1.16328,,,,,,,,4.9889678842853644e-05,12.4,5.36616
1,200,train,0.71625,,,,,,,,4.927678352537387e-05,21.9,3.15302
1,300,train,0.58368,,,,,,,,4.8663888207894093e-05,31.4,3.64152
1,400,train,0.51502,,,,,,,,4.805099289041432e-05,41.1,2.59073
1,500,train,0.45049,,,,,,,,4.743809757293455e-05,50.5,2.43825
1,600,train,0.43186,,,,,,,,4.682520225545477e-05,60.1,2.6034
1,700,train,0.38009,,,,,,,,4.6212306937975e-05,69.6,2.2794
1,800,train,0.35007,,,,,,,,4.559941162049522e-05,79.2,2.25133
1,824,val,0.34397,0.39627,279.0,0.38816,0.58534,0.53679,0.39047,0.328,4.545231674430008e-05,125.0,
1,824,probe,0.23715,0.44583,247.0,0.54276,0.68312,0.62058,0.46988,0.33536,4.545231674430008e-05,125.0,
2,900,train,0.31071,,,,,,,,4.498651630301545e-05,10.2,2.08287
2,1000,train,0.30151,,,,,,,,4.4373620985535675e-05,19.7,2.23182
2,1100,train,0.2977,,,,,,,,4.37607256680559e-05,29.3,2.59282
2,1200,train,0.27282,,,,,,,,4.3147830350576125e-05,38.8,1.88337
2,1300,train,0.2616,,,,,,,,4.253493503309635e-05,48.4,3.4456
2,1400,train,0.26027,,,,,,,,4.1922039715616574e-05,57.8,2.08787
2,1500,train,0.23531,,,,,,,,4.13091443981368e-05,67.5,1.78972
2,1600,train,0.23081,,,,,,,,4.069624908065703e-05,76.9,1.9421
2,1648,val,0.28938,0.52781,175.0,0.48684,0.63755,0.64201,0.56941,0.44845,4.0402059328266736e-05,124.6,
2,1648,probe,0.1463,0.63851,141.0,0.69079,0.78776,0.74116,0.66235,0.56596,4.0402059328266736e-05,124.6,
3,1700,train,0.2062,,,,,,,,4.008335376317725e-05,8.6,1.66262
3,1800,train,0.21212,,,,,,,,3.947045844569748e-05,18.2,1.71252
3,1900,train,0.19976,,,,,,,,3.88575631282177e-05,27.7,1.65818
3,2000,train,0.1975,,,,,,,,3.824466781073793e-05,37.3,1.76241
3,2100,train,0.18664,,,,,,,,3.7631772493258156e-05,47.0,1.68166
3,2200,train,0.17875,,,,,,,,3.7018877175778374e-05,56.5,1.64159
3,2300,train,0.17731,,,,,,,,3.6405981858298605e-05,65.9,1.54661
3,2400,train,0.17801,,,,,,,,3.579308654081883e-05,75.4,1.61369
3,2472,val,0.27947,0.59211,126.0,0.50329,0.68072,0.70728,0.61271,0.53128,3.535180191223339e-05,126.1,
3,2472,probe,0.10385,0.7312,99.0,0.80263,0.84008,0.81775,0.76202,0.66398,3.535180191223339e-05,126.1,
4,2500,train,0.1529,,,,,,,,3.5180191223339055e-05,5.6,1.6238
4,2600,train,0.15447,,,,,,,,3.456729590585928e-05,15.0,1.45676
4,2700,train,0.14872,,,,,,,,3.395440058837951e-05,24.5,1.42159
4,2800,train,0.14676,,,,,,,,3.334150527089973e-05,33.9,1.35601
4,2900,train,0.14817,,,,,,,,3.272860995341996e-05,43.4,1.53547
4,3000,train,0.1426,,,,,,,,3.211571463594018e-05,52.8,1.4424
4,3100,train,0.14297,,,,,,,,3.1502819318460405e-05,62.3,1.33726
4,3200,train,0.13759,,,,,,,,3.0889924000980637e-05,71.9,1.33997
4,3296,val,0.27527,0.60165,130.0,0.53618,0.69378,0.69027,0.6431,0.53435,3.030154449620005e-05,124.3,
4,3296,probe,0.07851,0.79057,70.0,0.88487,0.87858,0.84485,0.82441,0.73404,3.030154449620005e-05,124.3,
5,3300,train,0.13394,,,,,,,,3.0277028683500858e-05,3.3,1.79261
5,3400,train,0.11604,,,,,,,,2.9664133366021086e-05,12.8,1.2453
5,3500,train,0.12113,,,,,,,,2.905123804854131e-05,22.2,1.33093
5,3600,train,0.11808,,,,,,,,2.8438342731061536e-05,31.5,1.37236
5,3700,train,0.11899,,,,,,,,2.782544741358176e-05,41.0,1.26473
5,3800,train,0.11535,,,,,,,,2.721255209610199e-05,50.6,1.27831
5,3900,train,0.11514,,,,,,,,2.659965677862221e-05,60.0,1.24607
5,4000,train,0.11287,,,,,,,,2.598676146114244e-05,69.4,2.04623
5,4100,train,0.10874,,,,,,,,2.537386614366266e-05,79.1,1.21406
5,4120,val,0.27099,0.61834,111.0,0.53289,0.69578,0.72112,0.63952,0.56263,2.525128708016671e-05,124.4,
5,4120,probe,0.06319,0.8153,63.0,0.89803,0.91017,0.88885,0.83324,0.76253,2.525128708016671e-05,124.4,
6,4200,train,0.10161,,,,,,,,2.476097082618289e-05,10.6,1.21428
6,4300,train,0.10488,,,,,,,,2.4148075508703114e-05,20.1,2.81496
6,4400,train,0.10018,,,,,,,,2.3535180191223342e-05,29.6,1.17287
6,4500,train,0.09358,,,,,,,,2.2922284873743567e-05,39.1,1.10861
6,4600,train,0.09927,,,,,,,,2.230938955626379e-05,48.5,1.17839
6,4700,train,0.09562,,,,,,,,2.1696494238784017e-05,58.0,1.20523
6,4800,train,0.09189,,,,,,,,2.1083598921304242e-05,67.6,1.13255
6,4900,train,0.08551,,,,,,,,2.0470703603824467e-05,76.9,1.08374
6,4944,val,0.26744,0.64945,90.0,0.55263,0.70683,0.71717,0.66812,0.61038,2.0201029664133368e-05,124.9,
6,4944,probe,0.05284,0.85103,52.0,0.91776,0.92695,0.88963,0.86678,0.81464,2.0201029664133368e-05,124.9,
7,5000,train,0.08576,,,,,,,,1.9857808286344692e-05,8.6,1.07659
7,5100,train,0.08998,,,,,,,,1.924491296886492e-05,18.6,1.06203
7,5200,train,0.08689,,,,,,,,1.8632017651385145e-05,28.6,1.18749
7,5300,train,0.0844,,,,,,,,1.801912233390537e-05,38.6,1.02743
7,5400,train,0.08104,,,,,,,,1.7406227016425595e-05,48.5,1.0017
7,5500,train,0.08432,,,,,,,,1.679333169894582e-05,58.4,1.05437
7,5600,train,0.07769,,,,,,,,1.6180436381466045e-05,68.4,1.08365
7,5700,train,0.08379,,,,,,,,1.556754106398627e-05,78.6,1.05115
7,5768,val,0.26913,0.65495,87.0,0.53618,0.70281,0.72587,0.67031,0.61918,1.5150772248100025e-05,130.3,
7,5768,probe,0.04572,0.85883,55.0,0.92763,0.9151,0.89827,0.87601,0.82375,1.5150772248100025e-05,130.3,
8,5800,train,0.083,,,,,,,,1.4954645746506498e-05,6.0,1.1991
8,5900,train,0.07479,,,,,,,,1.4341750429026723e-05,16.0,0.96922
8,6000,train,0.07679,,,,,,,,1.3728855111546948e-05,26.1,1.00652
8,6100,train,0.07384,,,,,,,,1.3115959794067173e-05,36.1,1.04689
8,6200,train,0.07209,,,,,,,,1.2503064476587401e-05,46.1,0.96582
8,6300,train,0.0738,,,,,,,,1.1890169159107625e-05,56.0,0.9756
8,6400,train,0.07302,,,,,,,,1.127727384162785e-05,66.0,0.972
8,6500,train,0.07565,,,,,,,,1.0664378524148076e-05,76.1,1.02676
8,6592,val,0.26633,0.67219,78.0,0.55592,0.70984,0.7235,0.69513,0.63919,1.0100514832066684e-05,130.0,
8,6592,probe,0.04085,0.87866,40.0,0.94079,0.93189,0.91516,0.89994,0.84248,1.0100514832066684e-05,130.0,
9,6600,train,0.08074,,,,,,,,1.0051483206668301e-05,3.7,1.00786
9,6700,train,0.06905,,,,,,,,9.438587889188528e-06,13.5,0.9558
9,6800,train,0.06865,,,,,,,,8.825692571708753e-06,23.5,0.97089
9,6900,train,0.06824,,,,,,,,8.212797254228978e-06,33.6,0.91048
9,7000,train,0.06577,,,,,,,,7.599901936749204e-06,43.5,0.93373
9,7100,train,0.06633,,,,,,,,6.987006619269429e-06,53.6,0.95555
9,7200,train,0.06641,,,,,,,,6.374111301789655e-06,63.5,0.92314
9,7300,train,0.06683,,,,,,,,5.761215984309881e-06,73.5,0.90481
9,7400,train,0.06681,,,,,,,,5.1483206668301055e-06,83.4,0.91256
9,7416,val,0.26797,0.67836,71.0,0.55263,0.70884,0.73101,0.67527,0.66373,5.050257416033342e-06,129.6,
9,7416,probe,0.03749,0.89148,33.0,0.95395,0.93978,0.9183,0.91956,0.85462,5.050257416033342e-06,129.6,
10,7500,train,0.06146,,,,,,,,4.535425349350331e-06,11.2,0.87802
10,7600,train,0.06173,,,,,,,,3.922530031870557e-06,21.2,0.87652
10,7700,train,0.06353,,,,,,,,3.3096347143907824e-06,31.2,0.88478
10,7800,train,0.06338,,,,,,,,2.6967393969110078e-06,41.3,0.87892
10,7900,train,0.05959,,,,,,,,2.083844079431233e-06,51.3,0.909
10,8000,train,0.06323,,,,,,,,1.470948761951459e-06,61.2,0.93072
10,8100,train,0.06336,,,,,,,,8.580534444716843e-07,71.2,1.03865
10,8200,train,0.06302,,,,,,,,2.451581269919098e-07,81.2,0.9287
10,8240,val,0.27014,0.66974,76.0,0.54934,0.70783,0.72508,0.68064,0.64359,0.0,129.4,
10,8240,probe,0.03615,0.89643,32.0,0.95395,0.93485,0.92145,0.91858,0.8657,0.0,129.4,
