epoch,step,kind,loss,lr,seconds
0,0,val,5.60756,0.0,0.0
1,100,train,5.03864,2.7624309392265197e-05,19.0
1,200,train,4.75309,4.9947042756006466e-05,29.9
1,300,train,4.43476,4.9668320419198396e-05,40.6
1,400,train,4.52593,4.9389598082390326e-05,51.2
1,500,train,4.56333,4.9110875745582255e-05,61.9
1,600,train,4.35681,4.8832153408774185e-05,72.8
1,700,train,4.36993,4.855343107196611e-05,85.6
1,800,train,4.39407,4.827470873515804e-05,101.4
1,900,train,4.22676,4.799598639834997e-05,116.8
1,1000,train,4.21605,4.7717264061541897e-05,128.7
1,1100,train,4.24784,4.743854172473382e-05,140.0
1,1200,train,4.08061,4.715981938792575e-05,151.1
1,1300,train,4.22832,4.688109705111768e-05,162.0
1,1400,train,4.22632,4.66023747143096e-05,173.0
1,1500,train,4.20042,4.632365237750154e-05,184.1
1,1600,train,4.17969,4.604493004069346e-05,195.1
1,1700,train,4.15126,4.57662077038854e-05,206.3
1,1800,train,4.27278,4.548748536707732e-05,217.9
1,1812,val,4.29656,4.545403868666035e-05,227.2
2,1900,train,3.65163,4.520876303026925e-05,12.7
2,2000,train,3.73059,4.493004069346118e-05,24.9
2,2100,train,3.72311,4.46513183566531e-05,36.7
2,2200,train,3.66608,4.437259601984503e-05,47.8
2,2300,train,3.64698,4.409387368303696e-05,59.0
2,2400,train,3.48618,4.381515134622889e-05,70.1
2,2500,train,3.6374,4.3536429009420814e-05,81.2
2,2600,train,3.67087,4.325770667261274e-05,92.2
2,2700,train,3.63448,4.297898433580467e-05,103.3
2,2800,train,3.63175,4.2700261998996596e-05,114.6
2,2900,train,3.63075,4.242153966218853e-05,125.8
2,3000,train,3.68191,4.2142817325380455e-05,137.1
2,3100,train,3.54885,4.186409498857239e-05,148.2
2,3200,train,3.68547,4.1585372651764314e-05,159.3
2,3300,train,3.718,4.1306650314956244e-05,170.6
2,3400,train,3.73621,4.1027927978148173e-05,181.8
2,3500,train,3.6422,4.0749205641340096e-05,193.2
2,3600,train,3.5511,4.0470483304532026e-05,204.4
2,3640,val,4.14199,4.03589943698088e-05,212.4
3,3700,train,3.19514,4.0191760967723956e-05,8.2
3,3800,train,3.27039,3.9913038630915885e-05,19.6
3,3900,train,3.23425,3.963431629410781e-05,31.3
3,4000,train,3.39879,3.9355593957299744e-05,44.4
3,4100,train,3.11714,3.907687162049167e-05,57.6
3,4200,train,3.03782,3.87981492836836e-05,70.6
3,4300,train,3.1865,3.8519426946875526e-05,82.1
3,4400,train,3.23967,3.824070461006745e-05,93.2
3,4500,train,3.13579,3.7961982273259386e-05,104.6
3,4600,train,3.16378,3.768325993645131e-05,116.0
3,4700,train,3.21042,3.740453759964324e-05,127.4
3,4800,train,3.22406,3.712581526283517e-05,138.9
3,4900,train,3.14253,3.684709292602709e-05,150.0
3,5000,train,3.26173,3.656837058921902e-05,161.1
3,5100,train,3.27775,3.628964825241095e-05,172.3
3,5200,train,3.08743,3.601092591560288e-05,183.4
3,5300,train,3.17721,3.57322035787948e-05,194.6
3,5386,val,4.18864,3.5492502369139864e-05,208.1
4,5400,train,2.65743,3.545348124198674e-05,3.3
4,5500,train,2.61833,3.517475890517866e-05,14.8
4,5600,train,2.76134,3.489603656837059e-05,27.5
4,5700,train,2.78894,3.461731423156252e-05,39.9
4,5800,train,2.79918,3.4338591894754444e-05,52.9
4,5900,train,2.7368,3.405986955794638e-05,65.7
4,6000,train,2.75502,3.37811472211383e-05,76.9
4,6100,train,2.74108,3.350242488433023e-05,88.3
4,6200,train,2.81048,3.322370254752216e-05,99.4
4,6300,train,2.85528,3.2944980210714085e-05,110.7
4,6400,train,2.80372,3.2666257873906014e-05,122.2
4,6500,train,2.78426,3.2387535537097944e-05,133.4
4,6600,train,2.83815,3.2108813200289874e-05,144.7
4,6700,train,2.70739,3.1830090863481797e-05,156.0
4,6800,train,2.76511,3.155136852667373e-05,167.0
4,6900,train,2.7751,3.1272646189865656e-05,178.1
4,7000,train,2.82809,3.0993923853057585e-05,189.3
4,7100,train,2.81657,3.0715201516249515e-05,200.5
4,7200,train,2.75975,3.043647917944144e-05,211.8
4,7243,val,4.32966,3.031662857461397e-05,220.0
